,count,mean,std,min,25%,50%,75%,max,mode,unique_values,missing_values
gender,372147.0,0.4558843682738273,0.4980506777298048,0.0,0.0,0.0,1.0,1.0,0,2,0.0
age,372147.0,54.52729432186744,17.685091086822094,18.0,40.0,57.0,69.0,88.0,80,67,0.0
smoking,372147.0,1.6823808871225618,0.8729151106718027,1.0,1.0,1.0,3.0,3.0,1,3,5.24
Diabetes,372147.0,0.1613502191338369,0.36785416883617955,0.0,0.0,0.0,0.0,1.0,0,2,0.28
chronic_disease,372147.0,0.5497424404872269,0.49752020536352853,0.0,0.0,1.0,1.0,1.0,1,2,0.0
alcohol,372147.0,1.511580101411539,0.5004092029424414,1.0,1.0,2.0,2.0,3.0,2,3,6.65
pulmonary_diseases,372147.0,0.537236629611417,1.1584852904109026,0.0,0.0,0.0,0.0,4.0,0,4,0.0
